Case Selection Reason,Player,Team,Date,Body Group,Age Group,Height Group,Injury Description (Raw),Same-Body Major Reinjury,Same Body-Part Major Reinjury Date,Confirmed Return Date,Recovery Return Anchor Method,Recovery Games Available,Recovery Games Played,Three-Year Games Played Pct,Pre 3-Season Total VORP,Post 3-Season Total VORP,Age-Adjusted VORP Change,Reinjury Window Check,Recovery Logic Check,VORP Logic Check,Overall Automated Audit
Body-part non-recurrence coverage,Anthony Carter,Denver Nuggets,2007-10-29,Hand,31–33,"≤74 in (≤6'2"")",placed on IL recovering from surgery on broken right hand,0,,,source unavailable,,,,-0.1,0.5,0.730566317201442,True,True,True,PASS
Body-part non-recurrence coverage,Bob Sura,Houston Rockets,2004-11-01,Back,31–33,"77–79 in (6'5""–6'7"")",placed on IL recovering from back surgery,0,,,source unavailable,,,,3.3,0.0,-2.9579902686377344,True,True,True,PASS
Body-part non-recurrence coverage,Brandan Wright,Golden State Warriors,2009-10-28,Shoulder,22–24,"80–82 in (6'8""–6'10"")",placed on IL with surgery on left shoulder (out for season),0,,,source unavailable,,,,0.6000000000000001,2.5,0.6756894197059062,True,True,True,PASS
Body-part non-recurrence coverage,Brendan Haywood,Washington Wizards,2008-10-29,Wrist,28–30,"≥83 in (≥6'11"")",placed on IL recovering from surgery on right wrist to repair torn ligament,0,,,source unavailable,,,,1.3,1.0,-0.0026605576383613716,True,True,True,PASS
Body-part non-recurrence coverage,Darington Hobson,Milwaukee Bucks,2010-10-12,Hip,22–24,"77–79 in (6'5""–6'7"")",surgery on left hip (out for season),0,,,source unavailable,,,,0.0,-0.1,-1.154327215730436,True,True,True,PASS
Body-part non-recurrence coverage,Michael Stewart,Toronto Raptors,2002-03-17,Other,25–27,"80–82 in (6'8""–6'10"")",placed on IL with surgery to repair hernia,0,,,source unavailable,,,,-0.9999999999999999,-0.5,-0.3181847567695746,True,True,True,PASS
Body-part non-recurrence coverage,Steve Blake,Washington Wizards,2004-11-01,Ankle,22–24,"75–76 in (6'3""–6'4"")",placed on IL recovering from right ankle surgery,0,,,source unavailable,,,,-0.2,1.3,0.4719620601450689,True,True,True,PASS
Body-part non-recurrence coverage,Vernon Maxwell,Seattle SuperSonics,2000-01-07,Knee,34–36,"75–76 in (6'3""–6'4"")",placed on IL with right knee surgery,0,,,source unavailable,,,,-0.6,-0.2,0.4501192252602868,True,True,True,PASS
Body-part non-recurrence coverage,Yao Ming,Houston Rockets,2005-12-21,Foot,25–27,"≥83 in (≥6'11"")",placed on IL with toe surgery,0,,,source unavailable,,,,8.5,8.899999999999999,-0.6505588970529876,True,True,True,PASS
Body-part recurrence coverage,Al Horford,Atlanta Hawks,2012-01-12,Other,25–27,"80–82 in (6'8""–6'10"")",placed on IL with torn left pectoral muscle | surgery to repair torn left pectoral muscle (out for season),1,2013-12-27,2012-11-02,existing game-log return date,246.0,179.0,0.7276422764227642,9.700000000000001,7.5,-3.2505588970529864,True,True,True,PASS
Body-part recurrence coverage,DeAndre' Bembry,Atlanta Hawks,2017-11-13,Wrist,22–24,"77–79 in (6'5""–6'7"")",placed on IL recovering from surgery on right wrist to repair fracture,1,2018-04-12,2017-11-18,reported missed-game gap,216.0,150.0,0.6944444444444444,-0.1,-0.30000000000000004,-1.2543272157304364,True,True,True,PASS
Body-part recurrence coverage,Greg Oden,Portland Trail Blazers,2009-12-17,Knee,19–21,"≥83 in (≥6'11"")",placed on IL recovering from surgery on left knee to repair fractured kneecap (out for season) | placed on IL with left knee injury (out for season) | mircofracture surgery on left knee (out for season),1,2011-12-25,,source unavailable,,,,0.3,0.0,-1.4175904838423699,True,True,True,PASS
Body-part recurrence coverage,Rajon Rondo,Boston Celtics,2014-09-26,Hand,28–30,"≤74 in (≤6'2"")",surgery on fractured left finger (out indefinitely) | placed on IL with left hand injury,1,2017-04-21,2014-10-29,first confirmed appearance,246.0,209.0,0.8495934959349594,8.5,3.2,-5.7941907864782,True,True,True,PASS
Body-part recurrence coverage,Rodrigue Beaubois,Dallas Mavericks,2010-08-13,Foot,22–24,"≤74 in (≤6'2"")",surgery on left foot to repair broken fifth metatarsal (out indefinitely),1,2010-10-27,,source unavailable,,,,0.0,0.8,-0.15589339121221452,True,True,True,PASS
Body-part recurrence coverage,Stephen Curry,Golden State Warriors,2011-05-25,Ankle,22–24,"≤74 in (≤6'2"")",surgery on right ankle (out indefinitely),1,2012-03-21,2011-12-25,existing game-log return date,246.0,198.0,0.8048780487804879,2.0,13.5,10.695494113236862,True,True,True,PASS
Body-part recurrence coverage,Wilson Chandler,Denver Nuggets,2012-11-03,Hip,25–27,"80–82 in (6'8""–6'10"")",recovering from surgery on left hip to repair torn labrum (out indefinitely) | placed on IL recovering from surgery on left hip to repair torn labrum | hip injury (DTD),1,2015-10-28,2013-01-13,reported missed-game gap,246.0,179.0,0.7276422764227642,1.0,1.5,-0.5505588970529878,True,True,True,PASS
High post-return availability,Joe Ingles,Utah Jazz,2015-12-16,Other,28–30,"80–82 in (6'8""–6'10"")",oral surgery (DTD),0,,2015-12-18,first confirmed appearance,246.0,246.0,1.0,0.3,6.8,6.474678955384276,True,True,True,PASS
High post-return availability,Luis Scola,Houston Rockets,2011-04-09,Knee,28–30,"80–82 in (6'8""–6'10"")",sore left knee (DNP) | arthroscopic surgery on left knee (out indefinitely),0,,2011-12-26,existing game-log return date,246.0,246.0,1.0,3.7,0.6000000000000001,-2.6789098199935033,True,True,True,PASS
High post-return availability,PJ Tucker,Phoenix Suns,2016-09-15,Back,31–33,"77–79 in (6'5""–6'7"")",surgery on lower back (out indefinitely),0,,2016-10-26,existing game-log return date,246.0,245.0,0.9959349593495935,3.5,2.5,-0.5789098199935031,True,True,True,PASS
High post-return availability,Robin Lopez,New Orleans Hornets,2012-08-05,Knee,22–24,"≥83 in (≥6'11"")",surgery on left knee to repair medial meniscus,0,,2012-10-31,existing game-log return date,82.0,82.0,1.0,-0.3,4.4,3.6456727842695633,True,True,True,PASS
Largest age-adjusted VORP decline,Brandon Roy,Portland Trail Blazers,2010-12-17,Knee,25–27,"77–79 in (6'5""–6'7"")",sore left knee (DNP) | placed on IL with sore left knee | arthroscopic surgery on both knees (out indefinitely),1,2012-11-10,2011-02-23,first confirmed appearance,230.0,29.0,0.12608695652173912,13.5,-0.1,-14.418184756769577,True,True,True,PASS
Largest age-adjusted VORP decline,Dwyane Wade,Miami Heat,2012-07-10,Knee,28–30,"75–76 in (6'3""–6'4"")",surgery on left knee (out indefinitely),0,,2012-10-30,existing game-log return date,246.0,185.0,0.7520325203252033,24.4,8.1,-15.878909819993503,True,True,True,PASS
Largest age-adjusted VORP decline,Isaiah Thomas,Los Angeles Lakers,2018-03-24,Hip,28–30,"≤74 in (≤6'2"")",right hip injury (out for season) | surgery on right hip (out for season),0,,2019-02-13,first confirmed appearance,227.0,60.0,0.2643171806167401,12.1,-0.7999999999999999,-12.925321044615723,True,True,True,PASS
Largest age-adjusted VORP decline,Kobe Bryant,Los Angeles Lakers,2013-04-12,Ankle,34–36,"77–79 in (6'5""–6'7"")",torn left Achilles tendon (out indefinitely) | surgery to repair torn left Achilles tendon (out indefinitely) | placed on IL recovering from surgery to repair torn left Achilles tendon (out for season) | placed on IL recovering from surgery to repair torn left Achilles tendon,0,,2013-12-08,existing game-log return date,246.0,107.0,0.4349593495934959,15.3,0.8,-14.449880774739714,True,True,True,PASS
Low post-return availability,Chinanu Onuaku,Houston Rockets,2018-01-03,Other,19–21,"80–82 in (6'8""–6'10"")",placed on IL with sinus surgery,0,,2018-04-11,first confirmed appearance,208.0,1.0,0.004807692307692308,0.0,0.0,-1.3144235749392483,True,True,True,PASS
Low post-return availability,Chris Smith,New York Knicks,2012-10-10,Knee,37+,"75–76 in (6'3""–6'4"")",surgery on knee (out indefinitely),0,,2013-12-25,existing game-log return date,246.0,2.0,0.008130081300813009,0.0,0.0,1.2500280112044817,True,True,True,PASS
Low post-return availability,Jeremy Evans,Dallas Mavericks,2016-03-14,Shoulder,28–30,"80–82 in (6'8""–6'10"")",right shoulder injury (DTD) (CBC Y) | arthroscopic surgery on right shoulder to repair torn labrum (out for season) | placed on IL recovering from surgery on right shoulder to repair torn labrum (out for season),0,,2018-04-04,existing game-log return date,203.0,1.0,0.0049261083743842365,0.9,0.0,-0.9253210446157247,True,True,True,PASS
Low post-return availability,Maalik Wayns,Los Angeles Clippers,2013-10-16,Knee,22–24,"≤74 in (≤6'2"")",surgery on left knee to repair torn meniscus (out indefinitely) (date approximate) | placed on IL recovering from surgery on left knee to repair torn meniscus,0,,2014-01-08,reported missed-game gap,246.0,2.0,0.008130081300813009,-0.4,0.0,-0.8243105802940939,True,True,True,PASS
Low post-return availability,Ryan Reid,Oklahoma City Thunder,2012-01-04,Other,25–27,"80–82 in (6'8""–6'10"")",surgery to repair broken nose (out indefinitely),0,,2012-03-10,reported missed-game gap,246.0,1.0,0.0040650406504065045,0.0,0.0,-1.0505588970529876,True,True,True,PASS
Low post-return availability,Theo Ratliff,Los Angeles Lakers,2010-11-11,Knee,37+,"80–82 in (6'8""–6'10"")",placed on IL with left knee tendinitis | placed on IL recovering from arthroscopic surgery on left knee to remove part of torn meniscus,0,,2011-03-31,existing game-log return date,230.0,2.0,0.008695652173913044,0.30000000000000004,0.0,0.21002118771477507,True,True,True,PASS
